228-2500-017,2x2 Beam
228-2500-030,2x20 Beam
228-2500-028,2x16 Beam
228-2500-026,2x12 Beam
228-2500-025,2x10 Beam
228-2500-023,2x8 Beam
228-2500-021,2x6 Beam
228-2500-019,2x4 Beam
228-2500-045,4x12 Plate 
228-2500-040,4x4 Plate 
228-2500-011,1x12 Beam 
228-2500-009,1x10 Beam
228-2500-007,1x8 Beam 
228-2500-005,1x6 Beam 
228-2500-003,1x4 Beam 
228-2500-002,1x3 Beam
228-2500-124,8x Pitch Shaft
228-2500-078,2x Pitch Plastic Motor Shaft
228-2500-077,5x Pitch Plastic Shaft 
228-2500-076,4x Pitch Plastic Shaft 
228-2500-075,3x Pitch Plastic Shaft
228-2500-074,2x Pitch Plastic Shaft 
228-2500-084,0x2 Idler Pin
228-2500-073,1x1 Idler Pin
228-2500-083,1x1 Idler Pin 
228-2500-082,1x1 Idler Pin 
228-2500-081,1x1 Idler Pin
228-2500-080,5x Pitch Plastic Capped Shaft 
228-2500-079,4x Pitch Plastic Motor Shaft
228-2500-094,3x Pitch Plastic Motor Shaft 
228-2500-122,6x Pitch Shaft
228-2500-120,4x Pitch Shaft
228-2500-114,1/2x Pitch Shaft Spacer
228-2500-112,Shaft Washer 
228-2500-125,Shaft Bushing
228-2500-143,Rubber Shaft Collar
228-2500-141,1x3 Shaft Lock Plate
228-2500-140,2x2 Shaft Lock Plate
228-2500-215,60 Tooth Gear
228-2500-214,36 Tooth Gear
276-3990-00,188.9mm #64 Rubber Band
228-2500-166,40mm Pulley
228-2500-165,30mm Pulley
228-2500-164,20mm Pulley
228-2500-163,10mm Pulley 
228-2500-213,12 Tooth Gear
228-2500-207,Tire (100mm Travel)
228-2500-208,Wheel Hub (44mm)
228-2500-209,Tire (200mm Travel)
228-2500-218,36 Tooth Crown Gear
228-2500-064,1/2x Pitch Standoff
228-2500-172,End Standoff Connector
228-2500-170,Mini Standoff Connector
228-2500-062,2x2 Connector Pin
228-2500-061,1x2 Connector Pin
228-2500-131,1x2 Connector Pin
228-2500-132,1x2 Connector Pin
228-2500-128,2x Wide 1x2Corner Connector
228-2500-127,2x Wide 1x2Corner Connector
228-2500-126,Large ChassisCorner Connector
228-2500-134,2x Wide 2x2Corner Connecot
228-2500-135,2x Wide 1x2 Offset Corner Connector
228-2500-130,2x Wide 1x2 Offset Corner Connector
228-2500-065,1x Pitch Standoff 
228-2500-067,2x Pitch Standoff
228-2500-070,2x Pitch Standoff 
228-2500-072,6x Pitch Standoff
228-2500-220,STANDOFFS 2x2
228-2500-060,1x1 Connector Pin
